game_id,team_id,opportunity_diff,conversion_score,ppp,opp_ppp,failure_severity
0022500398,1610612748,17.16,74.8,1.68,1.51,67.61999999999999
0022500219,1610612740,8.76,63.8,1.77,1.53,43.31999999999999
0022500307,1610612758,12.0,63.4,1.51,1.41,42.400000000000006
0022500362,1610612755,2.56,70.0,1.28,1.23,27.620000000000005
